Epoch,Training Loss,Validation Loss,Validation Accuracy (%),Epoch Duration (s)
1,0.4188069697380066,0.18352063745149014,93.36,221.70
2,0.2367851110987365,0.11812861209882092,95.24,252.01
3,0.19930837291404604,0.10759607584159718,96.0,259.57
4,0.16132762832362205,0.13589510969651797,94.72,266.12
5,0.14777774089602755,0.8206930914775107,85.8,262.24
Total time (s),,,,1261.64
Test Accuracy,,,86.2,
Precision Score,,,0.8915,
Recall Score,,,0.8620,
F1-Score,,,0.8552,
Multi-Class ROC-AUC,,,0.9583,
