Epoch,Training Loss,Validation Loss,Validation Accuracy,Epoch Duration (s)
1,1.131895973956585,0.6622963480845652,68.28,
2,0.7017433046817779,0.5695506229073898,68.48,
3,0.7182809873580933,0.4897095090296009,74.16,
4,0.5282453957617282,0.4066738583848984,83.28,
5,0.45245758365392685,0.3092375047526961,87.84,
Test Accuracy,,,87.72,
