Epoch,Training Loss,Validation Loss,Validation Accuracy,Epoch Duration (s)
1,1.0627089020848275,0.5397189272243502,71.84,357.37517786026
2,0.5654110940515995,0.3644324667915568,87.2,389.2841520309448
3,0.4583402686417103,0.31574573872485473,86.92,391.70501685142517
4,0.3807138483375311,0.3110876749652986,88.08,394.7758820056915
5,0.34491096043139696,0.20022412278074186,92.64,416.59040093421936
