Epoch,Training Loss,Validation Loss,Validation Accuracy,Epoch Duration (s)
1,1.09881877784729,0.6919401494832857,64.08,373.25
2,0.6435824081659317,0.4051158483053554,83.36,394.84
3,0.5132710426092147,0.38675241010951955,85.92,395.95
4,0.45545852606892584,0.4316531411142678,84.32,398.85
5,0.40833981665074826,0.3091643593334871,87.64,397.78
Total time (s),,,,1960.67
Test Accuracy,,,87.4,
