Epoch,Training Loss,Validation Loss,Validation Accuracy (%),Epoch Duration (s)
1,1.061238199520111,0.6278639640977939,65.56,361.50
2,0.6334461290001869,0.47870107446826854,76.92,387.15
3,0.6071721396446228,0.48579950349488454,77.64,400.71
4,0.5615189816474915,0.4420700647280949,74.48,397.93
5,0.515851607978344,0.41613247109114365,75.12,398.06
Total time (s),,,,1945.35
Test Accuracy,,,74.8,
Precision Score,,,0.8494,
Recall Score,,,0.7480,
F1-Score,,,0.6812,
Multi-Class ROC-AUC,,,0.9447,
