Epoch,Training Loss,Validation Loss,Validation Accuracy,Epoch Duration (s)
1,1.0207394997596742,0.5775079964890958,64.4,387.9600577354431
2,0.6694173014163971,0.48555551839325845,73.04,404.1366400718689
3,0.541894959282875,0.3965417583395911,85.84,408.58554768562317
4,0.38639820853471757,0.2973848071751957,87.12,407.4574477672577
5,0.32768960306048395,0.19995803126878212,92.72,403.5311141014099
Total time (s),,,,2011.6708073616028
